Keyword,Category
AltTran-Bicycle,Location and Transportation
AltTran-PublicTran,Location and Transportation
Altran-LowEmit,Location and Transportation
Altran-Parking,Location and Transportation
Altran-Parking,Location and Transportation
Development Density,Location and Transportation
On-Site,Location and Transportation
Brownfield,Sustainable Sites
HeatIdland-non-Roof,Sustainable Sites
HeatIsland-Roof,Sustainable Sites
SiteDev-MaxOpen,Sustainable Sites
LightPollution,Sustainable Sites
SiteDev-Protect,Sustainable Sites
SiteSelection,Sustainable Sites
Sustainable Sites,Sustainable Sites
EnergyandAtmosphere,Energy & Atmosphere
EnhancedComm,Energy & Atmosphere
EnhancedRefrig,Energy & Atmosphere
GreenPower,Energy & Atmosphere
OutdoorAir,Energy & Atmosphere
Building Reuse - Maintain 50%,Materials & Resources
Building Reuse - Maintain Existing Walls,Materials & Resources
CertifiedWood,Materials & Resources
ConstructionIAQ-Before Occ,Materials & Resources
ConstructionIAQ-During,Materials & Resources
ConstructionWaste,Materials & Resources
LowEmit_Adhesives,Materials & Resources
LowEmit_CompositeWood,Materials & Resources
LowEmit_Flooring,Materials & Resources
LowEmit_Paints,Materials & Resources
Material Reuse,Materials & Resources
MaterialsReuse,Materials & Resources
MaterialsandResources,Materials & Resources
RecycledContent,Materials & Resources
Controlability-Lighting,Indoor Quality
Controlability-Thermal,Indoor Quality
Daylight,Indoor Quality
IncreasedVent,Indoor Quality
IndoorChem,Indoor Quality
IndoorEnvironment,Indoor Quality
Measurement & Verficaiton,Indoor Quality
ThermalComfort Design,Indoor Quality
ThermalComfortVerification,Indoor Quality
Views,Indoor Quality
InnovationandDesign,Innovation
Tenant Design,Innovation
InnovativeWasteWaterTech,Water Efficiency
Stormwater-Quantity,Water Efficiency
Stormwater_Quality,Water Efficiency
WaterEfficiency,Water Efficiency
WaterEfficientLandscaping,Water Efficiency
WaterUseReduction,Water Efficiency
Optimize,Regional Priority
RapIdly Renewable,Regional Priority
RegionalMat,Regional Priority
RegionalPriorityCredits,Regional Priority